Workbook

Sheet HuongDan
A1: FastMove – Tự động tra giá cước theo Mã vận đơn
A3: Sheet GiaCuoc | B3: Bảng tra (500 mã). Cột A = Mã vận đơn, B = Khu vực, C = Giá cước (VND). Mã vận đơn luôn ở cột đầu tiên.
A4: Sheet VanDon | B4: Bảng cần điền (500 dòng). Nhập tay cột A–C (Mã vận đơn, Shipper, Trạng thái). Cột D tự tính giá cước, không gõ đè.
A5: Sheet KiemThu | B5: 6 ca kiểm thử xử lý lỗi N/A (khoảng trắng thừa, ký tự CHAR(160), chữ thường, mã không tồn tại, ô trống).
A6: Sheet KPI | B6: Số liệu giao đúng hạn theo tuần và Bar Chart highlight tuần đầu tiên vượt mục tiêu.
A7: Công thức VanDon!D2 | B7: Gõ vào D2: =IFERROR(VLOOKUP(TRIM(CLEAN(SUBSTITUTE(A2,UNICHAR(160),""))),GiaCuoc!$A$2:$C$501,3,FALSE),"Kiểm tra mã") → kéo xuống D501.
A8: Vì sao có dấu $ | B8: $A$2:$C$501 khóa vùng tra cứu nên kéo xuống 500 dòng vẫn tra đúng bảng. A2 không có $ nên tự nhảy A3, A4…
A9: Số dòng cần rà soát | B9: =COUNTIF(VanDon!D2:D501,"Kiểm tra mã") -> 2
A10: Quy tắc dữ liệu | B10: Không gộp ô (Merge Cell) · 1 dòng tiêu đề ở dòng 1 · mỗi ô 1 giá trị · không dòng/cột trống giữa bảng · mỗi cột 1 kiểu dữ liệu.
A11: Giả định | B11: Dữ liệu giá cước, mã vận đơn, KPI là số liệu MINH HỌA do người soạn tạo; màu thương hiệu giả định cam FF6A00 + xám 333333. Thay bằng dữ liệu thật của FastMove.
A13: Ví dụ dòng chuẩn (VanDon dòng 2): mã FMxxxx – tên shipper – trạng thái; giá cước tự hiện ở cột D.

Sheet GiaCuoc
A1: Mã vận đơn | B1: Khu vực | C1: Giá cước (VND)
A2: FM0001 | B2: Liên tỉnh gần | C2: 55000
A3: FM0002 | B3: Ngoại thành | C3: 35000
A4: FM0003 | B4: Liên tỉnh xa | C4: 80000
A5: FM0004 | B5: Nội thành | C5: 25000
A6: FM0005 | B6: Nội thành | C6: 25000
A7: FM0006 | B7: Nội thành | C7: 25000
A8: FM0007 | B8: Liên tỉnh gần | C8: 55000
A9: FM0008 | B9: Nội thành | C9: 25000
A10: FM0009 | B10: Ngoại thành | C10: 35000
A11: FM0010 | B11: Nội thành | C11: 25000
A12: FM0011 | B12: Nội thành | C12: 25000
A13: FM0012 | B13: Liên tỉnh xa | C13: 80000
... A501: FM0500 | B501: Liên tỉnh xa | C501: 80000

Sheet VanDon
A1: Mã vận đơn | B1: Shipper | C1: Trạng thái | D1: Giá cước (VND)
A2: FM0198 | B2: Phạm Quốc Bảo | C2: Đang giao | D2: =IFERROR(VLOOKUP(TRIM(CLEAN(SUBSTITUTE(A2,_xlfn.UNICHAR(160),""))),GiaCuoc!$A$2:$C$501,3,FALSE()),"Kiểm tra mã") -> 55000
A3: FM0305 | B3: Phạm Quốc Bảo | C3: Đã giao | D3: =IFERROR(VLOOKUP(TRIM(CLEAN(SUBSTITUTE(A3,_xlfn.UNICHAR(160),""))),GiaCuoc!$A$2:$C$501,3,FALSE()),"Kiểm tra mã") -> 35000
A4: FM0022 | B4: Phạm Quốc Bảo | C4: Đã giao | D4: =IFERROR(VLOOKUP(TRIM(CLEAN(SUBSTITUTE(A4,_xlfn.UNICHAR(160),""))),GiaCuoc!$A$2:$C$501,3,FALSE()),"Kiểm tra mã") -> 80000
A5: FM0417 | B5: Lê Thị Hoa | C5: Đang giao | D5: =IFERROR(VLOOKUP(TRIM(CLEAN(SUBSTITUTE(A5,_xlfn.UNICHAR(160),""))),GiaCuoc!$A$2:$C$501,3,FALSE()),"Kiểm tra mã") -> 25000
A6: FM0194 | B6: Đỗ Anh Tuấn | C6: Đã giao | D6: =IFERROR(VLOOKUP(TRIM(CLEAN(SUBSTITUTE(A6,_xlfn.UNICHAR(160),""))),GiaCuoc!$A$2:$C$501,3,FALSE()),"Kiểm tra mã") -> 55000
A7: FM0241 | B7: Đặng Ngọc Lan | C7: Đã giao | D7: =IFERROR(VLOOKUP(TRIM(CLEAN(SUBSTITUTE(A7,_xlfn.UNICHAR(160),""))),GiaCuoc!$A$2:$C$501,3,FALSE()),"Kiểm tra mã") -> 35000
A8: FM0270 | B8: Bùi Hữu Phúc | C8: Đang giao | D8: =IFERROR(VLOOKUP(TRIM(CLEAN(SUBSTITUTE(A8,_xlfn.UNICHAR(160),""))),GiaCuoc!$A$2:$C$501,3,FALSE()),"Kiểm tra mã") -> 55000
A9: FM0277 | B9: Phạm Quốc Bảo | C9: Chờ lấy hàng | D9: =IFERROR(VLOOKUP(TRIM(CLEAN(SUBSTITUTE(A9,_xlfn.UNICHAR(160),""))),GiaCuoc!$A$2:$C$501,3,FALSE()),"Kiểm tra mã") -> 25000
A10: FM0440 | B10: Ngô Thùy Dung | C10: Đã giao | D10: =IFERROR(VLOOKUP(TRIM(CLEAN(SUBSTITUTE(A10,_xlfn.UNICHAR(160),""))),GiaCuoc!$A$2:$C$501,3,FALSE()),"Kiểm tra mã") -> 25000
A11: FM0425 | B11: Trần Minh Khoa | C11: Chờ lấy hàng | D11: =IFERROR(VLOOKUP(TRIM(CLEAN(SUBSTITUTE(A11,_xlfn.UNICHAR(160),""))),GiaCuoc!$A$2:$C$501,3,FALSE()),"Kiểm tra mã") -> 35000
A12: FM0478 | B12: Hoàng Gia Huy | C12: Đã giao | D12: =IFERROR(VLOOKUP(TRIM(CLEAN(SUBSTITUTE(A12,_xlfn.UNICHAR(160),""))),GiaCuoc!$A$2:$C$501,3,FALSE()),"Kiểm tra mã") -> 25000
A13: FM0333 | B13: Trần Minh Khoa | C13: Đã giao | D13: =IFERROR(VLOOKUP(TRIM(CLEAN(SUBSTITUTE(A13,_xlfn.UNICHAR(160),""))),GiaCuoc!$A$2:$C$501,3,FALSE()),"Kiểm tra mã") -> 55000
... A501: FM0040 | B501: Võ Thanh Tùng | C501: Đang giao | D501: =IFERROR(VLOOKUP(TRIM(CLEAN(SUBSTITUTE(A501,_xlfn.UNICHAR(160),""))),GiaCuoc!$A$2:$C$501,3,FALSE()),"Kiểm tra mã") -> 80000

Sheet KiemThu
A1: # | B1: Ca kiểm thử | C1: Dữ liệu nhập | D1: Báo lỗi N/A nếu KHÔNG xử lý? | E1: Kết quả sau xử lý | F1: Mong đợi | G1: Kết luận
A2: 1 | B2: Mã đúng | C2: FM0001 | D2: =ISNA(VLOOKUP(C2,GiaCuoc!$A$2:$C$501,3,FALSE())) -> FALSE | E2: =IFERROR(VLOOKUP(TRIM(CLEAN(SUBSTITUTE(C2,_xlfn.UNICHAR(160),""))),GiaCuoc!$A$2:$C$501,3,FALSE()),"Kiểm tra mã") -> 55000 | F2: 55000 | G2: =IF(E2=F2,"ĐẠT","LỖI") -> ĐẠT
A3: 2 | B3: Thừa khoảng trắng cuối | C3: FM0001 | D3: =ISNA(VLOOKUP(C3,GiaCuoc!$A$2:$C$501,3,FALSE())) -> TRUE | E3: =IFERROR(VLOOKUP(TRIM(CLEAN(SUBSTITUTE(C3,_xlfn.UNICHAR(160),""))),GiaCuoc!$A$2:$C$501,3,FALSE()),"Kiểm tra mã") -> 55000 | F3: 55000 | G3: =IF(E3=F3,"ĐẠT","LỖI") -> ĐẠT
A4: 3 | B4: Chứa ký tự CHAR(160) (copy từ web) | C4: FM0001 | D4: =ISNA(VLOOKUP(C4,GiaCuoc!$A$2:$C$501,3,FALSE())) -> TRUE | E4: =IFERROR(VLOOKUP(TRIM(CLEAN(SUBSTITUTE(C4,_xlfn.UNICHAR(160),""))),GiaCuoc!$A$2:$C$501,3,FALSE()),"Kiểm tra mã") -> 55000 | F4: 55000 | G4: =IF(E4=F4,"ĐẠT","LỖI") -> ĐẠT
A5: 4 | B5: Viết thường | C5: fm0001 | D5: =ISNA(VLOOKUP(C5,GiaCuoc!$A$2:$C$501,3,FALSE())) -> FALSE | E5: =IFERROR(VLOOKUP(TRIM(CLEAN(SUBSTITUTE(C5,_xlfn.UNICHAR(160),""))),GiaCuoc!$A$2:$C$501,3,FALSE()),"Kiểm tra mã") -> 55000 | F5: 55000 | G5: =IF(E5=F5,"ĐẠT","LỖI") -> ĐẠT
A6: 5 | B6: Mã không có trong bảng | C6: FM9999 | D6: =ISNA(VLOOKUP(C6,GiaCuoc!$A$2:$C$501,3,FALSE())) -> TRUE | E6: =IFERROR(VLOOKUP(TRIM(CLEAN(SUBSTITUTE(C6,_xlfn.UNICHAR(160),""))),GiaCuoc!$A$2:$C$501,3,FALSE()),"Kiểm tra mã") -> Kiểm tra mã | F6: Kiểm tra mã | G6: =IF(E6=F6,"ĐẠT","LỖI") -> ĐẠT
A7: 6 | B7: Ô trống | D7: =ISNA(VLOOKUP(C7,GiaCuoc!$A$2:$C$501,3,FALSE())) -> TRUE | E7: =IFERROR(VLOOKUP(TRIM(CLEAN(SUBSTITUTE(C7,_xlfn.UNICHAR(160),""))),GiaCuoc!$A$2:$C$501,3,FALSE()),"Kiểm tra mã") -> Kiểm tra mã | F7: Kiểm tra mã | G7: =IF(E7=F7,"ĐẠT","LỖI") -> ĐẠT
A9: Cột D = TRUE nghĩa là công thức VLOOKUP trần sẽ báo lỗi N/A. Cột E xử lý sạch cả 6 ca.

Sheet KPI
A1: Tuần | B1: Giao đúng hạn (%) | C1: Mục tiêu (%) | D1: Kết luận
A2: Tuần 1 | B2: 82 | C2: 90 | D2: =IF(B2>=C2,"Đạt","Chưa đạt") -> Chưa đạt
A3: Tuần 2 | B3: 84 | C3: 90 | D3: =IF(B3>=C3,"Đạt","Chưa đạt") -> Chưa đạt
A4: Tuần 3 | B4: 86 | C4: 90 | D4: =IF(B4>=C4,"Đạt","Chưa đạt") -> Chưa đạt
A5: Tuần 4 | B5: 91 | C5: 90 | D5: =IF(B5>=C5,"Đạt","Chưa đạt") -> Đạt
A6: Tuần 5 | B6: 93 | C6: 90 | D6: =IF(B6>=C6,"Đạt","Chưa đạt") -> Đạt
A7: Tuần 6 | B7: 94 | C7: 90 | D7: =IF(B7>=C7,"Đạt","Chưa đạt") -> Đạt
A8: Tuần 7 | B8: 95 | C8: 90 | D8: =IF(B8>=C8,"Đạt","Chưa đạt") -> Đạt
A9: Tuần 8 | B9: 96 | C9: 90 | D9: =IF(B9>=C9,"Đạt","Chưa đạt") -> Đạt
A11: Số liệu minh họa – thay bằng KPI thật. Cột cam = tuần đầu tiên vượt mục tiêu.
